uniprot_id,gene_name,pllps_score,degree,functional_group
Q9H307,PNN,1.0,2,Structural
Q9UKV3,ACIN1,1.0,2,Structural
Q15287,RNPS1,1.0,2,Structural
P11831,SRF,1.0,1,Structural
Q969V6,MRTFA,1.0,1,Structural
Q12955,ANK3,1.0,2,Structural
Q01484,ANK2,1.0,2,Structural
P16070,CD44,1.0,3,Structural
Q71F56,MED13L,1.0,3,Structural
A0JLT2,MED19,1.0,3,Structural
Q15648,MED1,1.0,4,Structural
Q93074,MED12,1.0,4,Structural
Q9Y566,SHANK1,1.0,2,Structural
Q9UPX8,SHANK2,1.0,2,Structural
Q9BYB0,SHANK3,1.0,2,Structural
Q9UPA5,BSN,1.0,1,Structural
Q9Y6V0,PCLO,1.0,2,Structural
Q9Y2W1,THRAP3,1.0,2,Structural
Q9UQ26,RIMS2,1.0,1,Structural
Q8NDV7,TNRC6A,1.0,1,Structural
Q9UPQ9,TNRC6B,1.0,1,Structural
P16150,SPN,1.0,1,Structural
Q9UQF2,MAPK8IP1,1.0,1,Structural
Q13387,MAPK8IP2,1.0,1,Structural
Q96IF1,AJUBA,1.0,1,Structural
Q9UGP4,LIMD1,1.0,1,Structural
Q96RN5,MED15,1.0,4,Structural
P21675,TAF1,1.0,3,Structural
Q9UHV7,MED13,1.0,4,Structural
O95402,MED26,1.0,4,Structural
Q71SY5,MED25,0.99,4,Structural
O15234,CASC3,1.0,2,Structural
Q9H1J1,UPF3A,0.99,4,Structural
Q9BZI7,UPF3B,1.0,4,Structural
Q8IYB3,SRRM1,1.0,5,Structural
Q86V81,ALYREF,1.0,5,Structural
Q0VF96,CGNL1,1.0,1,Structural
Q07157,TJP1,1.0,5,Structural
Q68EM7,ARHGAP17,1.0,2,Structural
Q8NI35,PATJ,0.99,3,Structural
Q4VCS5,AMOT,1.0,2,Structural
Q9NYB9,ABI2,1.0,1,Structural
Q9UPY6,WASF3,1.0,1,Structural
O60828,PQBP1,0.99,2,Structural
O75400,PRPF40A,1.0,2,Structural
Q13061,TRDN,1.0,2,Structural
Q9HDC5,JPH1,1.0,1,Structural
Q9BR39,JPH2,1.0,1,Structural
Q86UL8,MAGI2,1.0,1,Structural
Q96QZ7,MAGI1,1.0,1,Structural
Q6IQ23,PLEKHA7,1.0,2,Structural
Q9UDY2,TJP2,1.0,2,Structural
P55196,AFDN,0.99,3,Structural
Q86YW9,MED12L,1.0,1,Structural
Q15654,TRIP6,0.97,1,Structural
P56945,BCAR1,0.99,2,Structural
O00401,WASL,0.98,3,Structural
Q6XZF7,DNMBP,0.99,1,Structural
Q8IZP0,ABI1,0.99,2,Structural
Q14247,CTTN,0.99,1,Structural
Q9P2M7,CGN,0.99,1,Structural
O95049,TJP3,0.97,1,Structural
P11274,BCR,0.98,1,Structural
P00519,ABL1,0.99,3,Structural
Q9ULD4,BRPF3,0.99,1,Structural
P55201,BRPF1,0.98,1,Structural
P42684,ABL2,0.99,1,Structural
Q14511,NEDD9,0.97,1,Structural
Q9BRP8,PYM1,0.99,1,Structural
Q9Y5S9,RBM8A,0.97,2,Structural
Q9HCG8,CWC22,0.97,1,Structural
Q86YC2,PALB2,0.94,1,Structural
P51587,BRCA2,0.92,1,Structural
O14745,SLC9A3R1,0.92,1,Structural
Q15599,SLC9A3R2,0.92,1,Structural
P49023,PXN,0.96,1,Structural
P02751,FN1,0.93,4,Structural
Q96G25,MED8,0.91,1,Structural
Q9NX70,MED29,0.95,1,Structural
O15357,INPPL1,0.93,2,Structural
Q9Y5K6,CD2AP,0.94,2,Structural
Q92835,INPP5D,0.94,2,Structural
P28906,CD34,0.95,1,Structural
O00468,AGRN,0.95,3,Structural
P98160,HSPG2,0.93,3,Structural
Q13033,STRN3,0.92,1,Structural
Q9NRL3,STRN4,0.94,1,Structural
Q14118,DAG1,0.92,3,Structural
Q4V328,GRIPAP1,0.93,1,Structural
Q9Y3R0,GRIP1,0.95,1,Structural
Q9P286,PAK5,0.96,1,Structural
O96013,PAK4,0.91,1,Structural
Q9ULB1,NRXN1,0.66,2,Structural
P98172,EFNB1,0.86,2,Structural
P52799,EFNB2,0.9,2,Structural
O15197,EPHB6,0.91,2,Structural
P32926,DSG3,0.84,1,Structural
Q9Y446,PKP3,0.87,3,Structural
Q02413,DSG1,0.83,1,Structural
Q9P2S2,NRXN2,0.9,1,Structural
Q8NFZ4,NLGN2,0.84,1,Structural
Q86TB9,PATL1,0.91,1,Structural
A5YKK6,CNOT1,0.88,1,Structural
O75116,ROCK2,0.86,1,Structural
Q13464,ROCK1,0.86,1,Structural
Q8N4S9,MARVELD2,0.85,1,Structural
Q16625,OCLN,0.83,1,Structural
Q06787,FMR1,0.83,1,Structural
Q2NKX8,ERCC6L,0.81,1,Structural
P54132,BLM,0.89,1,Structural
Q12959,DLG1,0.81,1,Structural
Q15700,DLG2,0.82,1,Structural
Q9HAU5,UPF2,0.88,1,Structural
Q96Q15,SMG1,0.86,1,Structural
Q5H9R7,PPP6R3,0.85,1,Structural
Q9UPN7,PPP6R1,0.81,1,Structural
Q9NZZ3,CHMP5,0.73,3,Structural
Q96CF2,CHMP4C,0.71,3,Structural
Q9UN37,VPS4A,0.78,3,Structural
Q9Y3E7,CHMP3,0.69,3,Structural
O95727,CRTAM,0.68,1,Structural
Q92692,NECTIN2,0.71,1,Structural
Q13153,PAK1,0.76,1,Structural
P21333,FLNA,0.77,2,Structural
Q86YL7,PDPN,0.71,1,Structural
P15311,EZR,0.75,2,Structural
Q9Y490,TLN1,0.79,1,Structural
P32004,L1CAM,0.66,1,Structural
P78352,DLG4,0.7,1,Structural
Q9HAR2,ADGRL3,0.77,2,Structural
Q9P273,TENM3,0.76,1,Structural
Q9NT68,TENM2,0.69,1,Structural
Q9H444,CHMP4B,0.57,1,Structural
Q7LBR1,CHMP1B,0.65,1,Structural
Q9H204,MED28,0.58,4,Structural
Q9NWA0,MED9,0.65,4,Structural
O75448,MED24,0.56,4,Structural
O60244,MED14,0.58,4,Structural
Q15528,MED22,0.6,4,Structural
O43914,TYROBP,0.62,1,Structural
P78324,SIRPA,0.63,1,Structural
P55285,CDH6,0.62,1,Structural
P55291,CDH15,0.64,2,Structural
P55287,CDH11,0.56,1,Structural
Q6IAA8,LAMTOR1,0.6,1,Structural
Q8N122,RPTOR,0.61,2,Structural
Q14191,WRN,0.55,1,Structural
P78527,PRKDC,0.65,1,Structural
P31749,AKT1,0.59,3,Structural
Q05397,PTK2,0.64,1,Structural
Q16513,PKN2,0.64,1,Structural
P04004,VTN,0.46,1,Structural
P08648,ITGA5,0.49,2,Structural
O75351,VPS4B,0.5,3,Structural
O43633,CHMP2A,0.53,4,Structural
Q9UQN3,CHMP2B,0.46,4,Structural
Q9HD42,CHMP1A,0.45,3,Structural
Q9BY43,CHMP4A,0.5,2,Structural
P22223,CDH3,0.42,1,Structural
Q9Y6N8,CDH10,0.47,1,Structural
P78357,CNTNAP1,0.43,1,Structural
Q02246,CNTN2,0.44,2,Structural
P40200,CD96,0.46,1,Structural
P15151,PVR,0.52,1,Structural
O43513,MED7,0.48,1,Structural
P49336,CDK8,0.52,1,Structural
Q9Y4G6,TLN2,0.41,1,Structural
O15259,NPHP1,0.52,1,Structural
Q68CZ1,RPGRIP1L,0.51,1,Structural
Q9UHC6,CNTNAP2,0.49,1,Structural
Q92599,SEPTIN8,0.43,1,Structural
Q16181,SEPTIN7,0.44,1,Structural
Q12864,CDH17,0.34,2,Structural
P18206,VCL,0.41,5,Structural
P35222,CTNNB1,0.37,6,Structural
P19022,CDH2,0.41,6,Structural
P26232,CTNNA2,0.35,4,Structural
P12830,CDH1,0.34,4,Structural
Q9ULQ0,STRIP2,0.35,1,Structural
Q5VSL9,STRIP1,0.37,1,Structural
Q9NVC6,MED17,0.36,2,Structural
Q96HR3,MED30,0.41,2,Structural
O75586,MED6,0.38,2,Structural
Q96FV9,THOC1,0.39,1,Structural
Q13769,THOC5,0.4,1,Structural
P43403,ZAP70,0.35,1,Structural
P43405,SYK,0.41,1,Structural
Q9ULB5,CDH7,0.36,2,Structural
P13591,NCAM1,0.39,1,Structural
P08240,SRPRA,0.37,1,Structural
Q9Y5M8,SRPRB,0.36,1,Structural
O00329,PIK3CD,0.35,1,Structural
P48736,PIK3CG,0.34,1,Structural
Q6UXI9,NPNT,0.39,1,Structural
Q5H8C1,FREM1,0.41,1,Structural
Q9Y6N9,USH1C,0.29,2,Structural
Q9BYE9,CDHR2,0.31,1,Structural
Q9H251,CDH23,0.33,1,Structural
P29322,EPHA8,0.29,1,Structural
P52803,EFNA5,0.31,2,Structural
Q9HAP6,LIN7B,0.33,1,Structural
Q9NUP9,LIN7C,0.29,1,Structural
P17302,GJA1,0.33,3,Structural
Q8N144,GJD3,0.33,2,Structural
P35212,GJA4,0.28,2,Structural
P36382,GJA5,0.28,3,Structural
Q6P2C8,MED27,0.31,2,Structural
Q9P086,MED11,0.29,2,Structural
Q9Y2X0,MED16,0.33,2,Structural
P62314,SNRPD1,0.31,1,Structural
Q09161,NCBP1,0.3,1,Structural
Q8WYJ6,SEPTIN1,0.28,2,Structural
O43236,SEPTIN4,0.33,2,Structural
Q9NVA2,SEPTIN11,0.28,2,Structural
P54762,EPHB1,0.28,1,Structural
Q96AC1,FERMT2,0.32,1,Structural
Q13418,ILK,0.28,1,Structural
O43921,EFNA2,0.25,1,Structural
P29317,EPHA2,0.24,2,Structural
P07942,LAMB1,0.25,1,Structural
P05556,ITGB1,0.24,6,Structural
O43707,ACTN4,0.27,2,Structural
P35221,CTNNA1,0.23,2,Structural
P06756,ITGAV,0.23,5,Structural
P16284,PECAM1,0.24,1,Structural
P20702,ITGAX,0.24,4,Structural
P26006,ITGA3,0.24,4,Structural
P18564,ITGB6,0.24,4,Structural
Q9HBT6,CDH20,0.27,1,Structural
P55286,CDH8,0.24,2,Structural
P27361,MAPK3,0.23,1,Structural
P46940,IQGAP1,0.26,1,Structural
Q13618,CUL3,0.26,2,Structural
Q13616,CUL1,0.25,2,Structural
Q13617,CUL2,0.24,3,Structural
Q96J01,THOC3,0.27,1,Structural
Q6I9Y2,THOC7,0.24,1,Structural
Q13309,SKP2,0.25,2,Structural
P17655,CAPN2,0.25,1,Structural
P07384,CAPN1,0.24,1,Structural
Q8N668,COMMD1,0.25,1,Structural
P20827,EFNA1,0.24,1,Structural
P28482,MAPK1,0.19,1,Structural
P12931,SRC,0.22,8,Structural
Q9H159,CDH19,0.19,1,Structural
P55289,CDH12,0.21,1,Structural
P05362,ICAM1,0.22,3,Structural
P10747,CD28,0.22,1,Structural
P19320,VCAM1,0.21,2,Structural
P20701,ITGAL,0.2,3,Structural
Q15024,EXOSC7,0.2,2,Structural
Q9NPD3,EXOSC4,0.21,2,Structural
Q13868,EXOSC2,0.19,2,Structural
Q8N6F1,CLDN19,0.19,1,Structural
P56856,CLDN18,0.19,1,Structural
Q92556,ELMO1,0.21,1,Structural
Q0VGL1,LAMTOR4,0.22,1,Structural
Q9BY67,CADM1,0.22,1,Structural
Q9NQS3,NECTIN3,0.22,1,Structural
Q9NVD7,PARVA,0.21,2,Structural
Q9HBI0,PARVG,0.21,2,Structural
Q9HBI1,PARVB,0.19,3,Structural
Q14141,SEPTIN6,0.22,3,Structural
Q9P0V9,SEPTIN10,0.22,3,Structural
Q99719,SEPTIN5,0.19,3,Structural
Q15019,SEPTIN2,0.19,3,Structural
Q15303,ERBB4,0.19,1,Structural
P05106,ITGB3,0.2,4,Structural
P08034,GJB1,0.22,1,Structural
Q9UKW4,VAV3,0.19,1,Structural
P29323,EPHB2,0.19,1,Structural
P17252,PRKCA,0.23,1,Structural
Q99527,GPER1,0.19,1,Structural
O95500,CLDN14,0.2,1,Structural
O95484,CLDN9,0.19,1,Structural
Q14344,GNA13,0.22,1,Structural
O43542,XRCC3,0.23,1,Structural
Q06609,RAD51,0.23,1,Structural
P01730,CD4,0.15,1,Structural
P06241,FYN,0.17,3,Structural
Q12884,FAP,0.16,1,Structural
P00813,ADA,0.17,1,Structural
Q9Y3C7,MED31,0.17,4,Structural
P24863,CCNC,0.18,4,Structural
Q9ULK4,MED23,0.16,4,Structural
Q9H944,MED20,0.17,4,Structural
Q13503,MED21,0.18,4,Structural
P04275,VWF,0.18,2,Structural
P14770,GP9,0.18,3,Structural
P40197,GP5,0.18,3,Structural
P07948,LYN,0.18,3,Structural
Q96A72,MAGOHB,0.15,2,Structural
Q6P2Q9,PRPF8,0.17,2,Structural
P38919,EIF4A3,0.18,2,Structural
O43502,RAD51C,0.16,2,Structural
O15315,RAD51B,0.15,2,Structural
O75771,RAD51D,0.18,2,Structural
P16333,NCK1,0.18,1,Structural
Q9Y624,F11R,0.18,1,Structural
P05107,ITGB2,0.18,2,Structural
Q15438,CYTH1,0.18,1,Structural
Q96CW1,AP2M1,0.15,1,Structural
P63010,AP2B1,0.15,1,Structural
P60228,EIF3E,0.13,2,Structural
P63244,RACK1,0.13,2,Structural
P05198,EIF2S1,0.14,2,Structural
P61224,RAP1B,0.12,1,Structural
P62834,RAP1A,0.12,1,Structural
Q9BTT4,MED10,0.14,1,Structural
Q9BUE0,MED18,0.12,1,Structural
O75841,UPK1B,0.14,1,Structural
O00322,UPK1A,0.14,1,Structural
P17301,ITGA2,0.14,1,Structural
O95471,CLDN7,0.13,3,Structural
Q9BX67,JAM3,0.14,1,Structural
P60763,RAC3,0.12,1,Structural
Q9UHD2,TBK1,0.13,1,Structural
O15111,CHUK,0.14,1,Structural
O15551,CLDN3,0.13,1,Structural
O14493,CLDN4,0.14,1,Structural
P27487,DPP4,0.12,1,Structural
P21926,CD9,0.12,2,Structural
Q9BUR5,APOO,0.15,1,Structural
Q5XKP0,MICOS13,0.15,1,Structural
P08962,CD63,0.13,2,Structural
O00560,SDCBP,0.13,1,Structural
P60033,CD81,0.11,2,Structural
O95832,CLDN1,0.1,4,Structural
P13164,IFITM1,0.1,2,Structural
Q9Y5I7,CLDN16,0.11,2,Structural
O00501,CLDN5,0.11,2,Structural
P56748,CLDN8,0.1,2,Structural
P62330,ARF6,0.1,1,Structural
Q03135,CAV1,0.11,5,Structural
P17612,PRKACA,0.11,1,Structural
O14972,VPS26C,0.11,1,Structural
Q9UBQ0,VPS29,0.1,1,Structural
P63000,RAC1,0.11,1,Structural
P56539,CAV3,0.09,1,Structural
Q9Y2Q5,LAMTOR2,0.11,1,Structural
Q9UHA4,LAMTOR3,0.11,1,Structural
C9JDP6,CLDN25,0.09,1,Structural
Q9UKN1,Q9UKN1,1.0,0,Structural
Q9HCJ0,Q9HCJ0,1.0,0,Structural
Q9H4A3,Q9H4A3,1.0,0,Structural
Q68DE3,Q68DE3,1.0,0,Structural
Q2KJY2,Q2KJY2,1.0,0,Structural
Q12816,Q12816,1.0,0,Structural
Q12802,Q12802,1.0,0,Structural
P49790,P49790,1.0,0,Structural
O15027,O15027,1.0,0,Structural
P78559,P78559,1.0,0,Structural
P22105,P22105,1.0,0,Structural
P15502,P15502,1.0,0,Structural
Q7Z591,Q7Z591,1.0,0,Structural
P46821,P46821,1.0,0,Structural
Q8IY92,Q8IY92,1.0,0,Structural
Q9HBL0,Q9HBL0,1.0,0,Structural
P39059,P39059,1.0,0,Structural
Q7Z6E9,Q7Z6E9,1.0,0,Structural
Q86UR5,Q86UR5,1.0,0,Structural
Q86YV5,Q86YV5,1.0,0,Structural
Q5JTC6,Q5JTC6,1.0,0,Structural
Q5T5U3,Q5T5U3,1.0,0,Structural
Q9BYW2,Q9BYW2,1.0,0,Structural
O15061,O15061,1.0,0,Structural
Q5D862,Q5D862,1.0,0,Structural
Q9H2D6,Q9H2D6,1.0,0,Structural
Q8IWZ3,Q8IWZ3,1.0,0,Structural
O94885,O94885,1.0,0,Structural
Q9BX66,Q9BX66,1.0,0,Structural
P58107,P58107,1.0,0,Structural
Q8WXD9,Q8WXD9,1.0,0,Structural
P53814,P53814,1.0,0,Structural
Q9UQB3,Q9UQB3,1.0,0,Structural
Q9H792,Q9H792,1.0,0,Structural
Q70E73,Q70E73,1.0,0,Structural
Q12774,Q12774,1.0,0,Structural
Q9H7S9,Q9H7S9,1.0,0,Structural
O60292,O60292,1.0,0,Structural
Q4LE39,Q4LE39,1.0,0,Structural
Q96J92,Q96J92,1.0,0,Structural
Q9BXF3,Q9BXF3,1.0,0,Structural
Q14005,Q14005,1.0,0,Structural
P98082,P98082,1.0,0,Structural
Q9P1Y5,Q9P1Y5,1.0,0,Structural
Q14160,Q14160,1.0,0,Structural
Q99490,Q99490,1.0,0,Structural
Q96JJ6,Q96JJ6,1.0,0,Structural
P55317,P55317,1.0,0,Structural
P15941,P15941,1.0,0,Structural
Q68D10,Q68D10,1.0,0,Structural
Q9UMS6,Q9UMS6,1.0,0,Structural
Q8IY33,Q8IY33,1.0,0,Structural
Q96QC0,Q96QC0,1.0,0,Structural
Q9Y2F5,Q9Y2F5,1.0,0,Structural
P20264,P20264,1.0,0,Structural
Q9ULI3,Q9ULI3,1.0,0,Structural
Q9ULL8,Q9ULL8,1.0,0,Structural
Q9Y2J4,Q9Y2J4,1.0,0,Structural
Q5T4S7,Q5T4S7,1.0,0,Structural
Q8TEW0,Q8TEW0,1.0,0,Structural
Q5T1M5,Q5T1M5,1.0,0,Structural
Q96PX6,Q96PX6,1.0,0,Structural
Q14151,Q14151,1.0,0,Structural
Q9UPQ0,Q9UPQ0,1.0,0,Structural
Q01804,Q01804,1.0,0,Structural
Q8NFW1,Q8NFW1,1.0,0,Structural
Q96QB1,Q96QB1,1.0,0,Structural
Q9H6Z4,Q9H6Z4,1.0,0,Structural
Q14244,Q14244,1.0,0,Structural
Q14676,Q14676,1.0,0,Structural
Q15424,Q15424,1.0,0,Structural
Q5TAT6,Q5TAT6,1.0,0,Structural
O95425,O95425,1.0,0,Structural
C9J069,C9J069,1.0,0,Structural
Q9UHB6,Q9UHB6,1.0,0,Structural
A7MD48,A7MD48,1.0,0,Structural
Q8WXH2,Q8WXH2,1.0,0,Structural
O60271,O60271,1.0,0,Structural
O43823,O43823,1.0,0,Structural
Q96B97,Q96B97,1.0,0,Structural
P12270,P12270,1.0,0,Structural
P09603,P09603,1.0,0,Structural
A5PKW4,A5PKW4,1.0,0,Structural
Q9NQS7,Q9NQS7,1.0,0,Structural
Q02297,Q02297,1.0,0,Structural
O14594,O14594,1.0,0,Structural
Q15942,Q15942,1.0,0,Structural
Q68DK7,Q68DK7,1.0,0,Structural
Q7Z6J0,Q7Z6J0,1.0,0,Structural
Q14207,Q14207,1.0,0,Structural
Q8TES7,Q8TES7,1.0,0,Structural
Q12815,Q12815,1.0,0,Structural
Q96SB3,Q96SB3,1.0,0,Structural
Q93052,Q93052,1.0,0,Structural
O94875,O94875,1.0,0,Structural
Q9UHB7,Q9UHB7,1.0,0,Structural
O00592,O00592,1.0,0,Structural
O75145,O75145,1.0,0,Structural
Q5QGS0,Q5QGS0,1.0,0,Structural
Q92954,Q92954,1.0,0,Structural
Q92838,Q92838,1.0,0,Structural
A6NHN0,A6NHN0,1.0,0,Structural
O14640,O14640,1.0,0,Structural
Q9NWQ8,Q9NWQ8,1.0,0,Structural
Q9P2Q2,Q9P2Q2,1.0,0,Structural
Q6ZSG2,Q6ZSG2,1.0,0,Structural
Q5JXC2,Q5JXC2,1.0,0,Structural
Q9UN86,Q9UN86,1.0,0,Structural
Q8IVT2,Q8IVT2,1.0,0,Structural
Q68DA7,Q68DA7,1.0,0,Structural
Q9UBB5,Q9UBB5,1.0,0,Structural
Q5TBA9,Q5TBA9,1.0,0,Structural
O00192,O00192,1.0,0,Structural
Q63ZY3,Q63ZY3,1.0,0,Structural
Q2T9L4,Q2T9L4,1.0,0,Structural
A6NGB9,A6NGB9,1.0,0,Structural
A6NHQ4,A6NHQ4,1.0,0,Structural
Q86XJ1,Q86XJ1,1.0,0,Structural
A6NCS4,A6NCS4,1.0,0,Structural
P78423,P78423,1.0,0,Structural
Q5U651,Q5U651,1.0,0,Structural
Q69YQ0,Q69YQ0,1.0,0,Structural
Q96PE1,Q96PE1,1.0,0,Structural
Q9NQ75,Q9NQ75,1.0,0,Structural
Q8TEW8,Q8TEW8,1.0,0,Structural
O75334,O75334,1.0,0,Structural
Q96HC4,Q96HC4,1.0,0,Structural
Q5TZA2,Q5TZA2,1.0,0,Structural
Q9HCD6,Q9HCD6,1.0,0,Structural
O43561,O43561,1.0,0,Structural
Q9UK76,Q9UK76,1.0,0,Structural
Q03001,Q03001,1.0,0,Structural
Q6ZW31,Q6ZW31,1.0,0,Structural
Q96JQ0,Q96JQ0,1.0,0,Structural
Q96S59,Q96S59,1.0,0,Structural
Q8TCZ2,Q8TCZ2,1.0,0,Structural
Q15651,Q15651,0.99,0,Structural
Q07283,Q07283,0.99,0,Structural
O14492,O14492,0.99,0,Structural
Q8NHY3,Q8NHY3,0.99,0,Structural
Q9BQQ3,Q9BQQ3,0.99,0,Structural
Q8N1W1,Q8N1W1,0.99,0,Structural
Q96DB9,Q96DB9,0.99,0,Structural
Q96JY6,Q96JY6,0.99,0,Structural
Q96BD5,Q96BD5,0.99,0,Structural
Q9P278,Q9P278,0.99,0,Structural
P24588,P24588,0.99,0,Structural
Q9Y4G8,Q9Y4G8,0.99,0,Structural
Q13136,Q13136,0.99,0,Structural
Q9UKB5,Q9UKB5,0.99,0,Structural
O43281,O43281,0.99,0,Structural
Q8NFW9,Q8NFW9,0.99,0,Structural
Q9UKE5,Q9UKE5,0.99,0,Structural
Q00839,Q00839,0.99,0,Structural
Q9UPT6,Q9UPT6,0.99,0,Structural
Q9C0E8,Q9C0E8,0.99,0,Structural
Q99569,Q99569,0.99,0,Structural
O43294,O43294,0.99,0,Structural
O94827,O94827,0.99,0,Structural
P14209,P14209,0.99,0,Structural
Q3KP66,Q3KP66,0.99,0,Structural
Q5T442,Q5T442,0.99,0,Structural
Q9BX26,Q9BX26,0.99,0,Structural
P29374,P29374,0.99,0,Structural
O14490,O14490,0.99,0,Structural
Q7Z5R6,Q7Z5R6,0.99,0,Structural
Q9Y2D1,Q9Y2D1,0.99,0,Structural
Q9NQC3,Q9NQC3,0.99,0,Structural
Q9Y6H8,Q9Y6H8,0.99,0,Structural
Q8IVF5,Q8IVF5,0.99,0,Structural
P78524,P78524,0.99,0,Structural
A4D2P6,A4D2P6,0.99,0,Structural
P25490,P25490,0.99,0,Structural
Q8TEP8,Q8TEP8,0.99,0,Structural
Q969T9,Q969T9,0.99,0,Structural
Q9UPN3,Q9UPN3,0.99,0,Structural
Q9BXM0,Q9BXM0,0.99,0,Structural
Q5HYK7,Q5HYK7,0.99,0,Structural
Q96PX1,Q96PX1,0.99,0,Structural
Q8TEC5,Q8TEC5,0.99,0,Structural
Q9BUF7,Q9BUF7,0.99,0,Structural
Q9C0D5,Q9C0D5,0.99,0,Structural
Q6P2H3,Q6P2H3,0.99,0,Structural
Q03014,Q03014,0.99,0,Structural
Q5VWQ8,Q5VWQ8,0.99,0,Structural
Q5VZL5,Q5VZL5,0.99,0,Structural
Q9NQC1,Q9NQC1,0.99,0,Structural
A6NIX2,A6NIX2,0.99,0,Structural
Q9HBB8,Q9HBB8,0.99,0,Structural
O60241,O60241,0.99,0,Structural
O75335,O75335,0.99,0,Structural
Q9H329,Q9H329,0.98,0,Structural
O14639,O14639,0.98,0,Structural
Q8N4C8,Q8N4C8,0.98,0,Structural
Q8IXH6,Q8IXH6,0.98,0,Structural
Q8WYQ5,Q8WYQ5,0.98,0,Structural
Q76M96,Q76M96,0.98,0,Structural
A6NLJ0,A6NLJ0,0.98,0,Structural
Q15233,Q15233,0.98,0,Structural
O43566,O43566,0.98,0,Structural
Q9NZB2,Q9NZB2,0.98,0,Structural
P58401,P58401,0.98,0,Structural
P82979,P82979,0.98,0,Structural
Q9BRQ6,Q9BRQ6,0.98,0,Structural
O60716,O60716,0.98,0,Structural
Q9HDB5,Q9HDB5,0.98,0,Structural
Q9Y3L3,Q9Y3L3,0.98,0,Structural
P35251,P35251,0.98,0,Structural
Q5VWT5,Q5VWT5,0.98,0,Structural
Q9H7E2,Q9H7E2,0.98,0,Structural
Q8WX93,Q8WX93,0.98,0,Structural
Q5TCQ9,Q5TCQ9,0.98,0,Structural
Q8N264,Q8N264,0.98,0,Structural
Q5VUB5,Q5VUB5,0.98,0,Structural
Q13009,Q13009,0.98,0,Structural
Q7L591,Q7L591,0.97,0,Structural
Q6P1N0,Q6P1N0,0.97,0,Structural
Q92570,Q92570,0.97,0,Structural
Q14162,Q14162,0.97,0,Structural
Q9Y5J3,Q9Y5J3,0.97,0,Structural
Q8TAM6,Q8TAM6,0.97,0,Structural
Q3SXY8,Q3SXY8,0.97,0,Structural
Q8WWQ0,Q8WWQ0,0.97,0,Structural
Q6HA08,Q6HA08,0.97,0,Structural
Q8N8V4,Q8N8V4,0.97,0,Structural
Q8NCD3,Q8NCD3,0.97,0,Structural
A6NKD9,A6NKD9,0.97,0,Structural
Q01826,Q01826,0.97,0,Structural
Q9Y2L6,Q9Y2L6,0.97,0,Structural
Q8NFP9,Q8NFP9,0.96,0,Structural
P20042,P20042,0.96,0,Structural
O75170,O75170,0.96,0,Structural
O60331,O60331,0.96,0,Structural
Q9BRR9,Q9BRR9,0.96,0,Structural
Q86UC2,Q86UC2,0.96,0,Structural
Q15768,Q15768,0.96,0,Structural
Q99704,Q99704,0.96,0,Structural
Q96GP6,Q96GP6,0.96,0,Structural
A1E959,A1E959,0.96,0,Structural
Q8ND30,Q8ND30,0.96,0,Structural
Q71RC2,Q71RC2,0.96,0,Structural
Q15311,Q15311,0.96,0,Structural
A0MZ66,A0MZ66,0.96,0,Structural
Q8TDJ6,Q8TDJ6,0.96,0,Structural
Q8ND04,Q8ND04,0.96,0,Structural
Q99996,Q99996,0.96,0,Structural
O95206,O95206,0.96,0,Structural
Q9NSI6,Q9NSI6,0.96,0,Structural
Q9UPX0,Q9UPX0,0.96,0,Structural
Q9UHD8,Q9UHD8,0.96,0,Structural
Q8N7Z5,Q8N7Z5,0.96,0,Structural
Q674X7,Q674X7,0.95,0,Structural
Q9H3D4,Q9H3D4,0.95,0,Structural
Q9ULC0,Q9ULC0,0.95,0,Structural
P23443,P23443,0.95,0,Structural
Q9C0E4,Q9C0E4,0.95,0,Structural
Q9Y4F9,Q9Y4F9,0.95,0,Structural
Q9P0K7,Q9P0K7,0.95,0,Structural
Q16512,Q16512,0.95,0,Structural
Q6IE81,Q6IE81,0.95,0,Structural
Q3V6T2,Q3V6T2,0.95,0,Structural
Q6DT37,Q6DT37,0.95,0,Structural
Q15642,Q15642,0.95,0,Structural
Q9UDT6,Q9UDT6,0.95,0,Structural
Q9UJ99,Q9UJ99,0.95,0,Structural
Q99674,Q99674,0.95,0,Structural
Q9NPY3,Q9NPY3,0.94,0,Structural
Q96AY2,Q96AY2,0.94,0,Structural
P0DPR3,P0DPR3,0.94,0,Structural
Q13905,Q13905,0.94,0,Structural
Q8NCU7,Q8NCU7,0.94,0,Structural
Q92797,Q92797,0.94,0,Structural
Q7Z5N4,Q7Z5N4,0.94,0,Structural
Q92613,Q92613,0.94,0,Structural
Q8NF91,Q8NF91,0.94,0,Structural
Q8IYA7,Q8IYA7,0.94,0,Structural
Q96JH8,Q96JH8,0.94,0,Structural
O76041,O76041,0.94,0,Structural
Q96RL6,Q96RL6,0.94,0,Structural
Q86W92,Q86W92,0.94,0,Structural
Q86T24,Q86T24,0.94,0,Structural
Q8N387,Q8N387,0.94,0,Structural
Q9UMQ3,Q9UMQ3,0.94,0,Structural
Q70EK8,Q70EK8,0.94,0,Structural
Q14696,Q14696,0.94,0,Structural
Q8N5H7,Q8N5H7,0.94,0,Structural
O95793,O95793,0.93,0,Structural
Q8IYD8,Q8IYD8,0.93,0,Structural
Q68DX3,Q68DX3,0.93,0,Structural
O94763,O94763,0.93,0,Structural
Q9P203,Q9P203,0.93,0,Structural
Q6PFW1,Q6PFW1,0.93,0,Structural
Q9UPW6,Q9UPW6,0.93,0,Structural
Q14202,Q14202,0.93,0,Structural
Q9Y3Y2,Q9Y3Y2,0.93,0,Structural
Q9NT99,Q9NT99,0.93,0,Structural
O94986,O94986,0.92,0,Structural
Q6RI45,Q6RI45,0.92,0,Structural
P58400,P58400,0.92,0,Structural
Q8TF30,Q8TF30,0.92,0,Structural
Q8IVE3,Q8IVE3,0.92,0,Structural
Q9P2E7,Q9P2E7,0.92,0,Structural
Q8N556,Q8N556,0.92,0,Structural
O60610,O60610,0.92,0,Structural
O94856,O94856,0.92,0,Structural
Q15726,Q15726,0.91,0,Structural
Q9H8E8,Q9H8E8,0.91,0,Structural
O94929,O94929,0.91,0,Structural
Q9NPG4,Q9NPG4,0.91,0,Structural
Q9Y3M8,Q9Y3M8,0.91,0,Structural
P16157,P16157,0.91,0,Structural
Q12756,Q12756,0.9,0,Structural
Q9NX40,Q9NX40,0.9,0,Structural
P46108,P46108,0.9,0,Structural
O95155,O95155,0.9,0,Structural
P30203,P30203,0.89,0,Structural
O43900,O43900,0.89,0,Structural
Q15678,Q15678,0.89,0,Structural
O95990,O95990,0.89,0,Structural
Q96KN9,Q96KN9,0.89,0,Structural
Q15834,Q15834,0.89,0,Structural
Q6H8Q1,Q6H8Q1,0.89,0,Structural
P57059,P57059,0.89,0,Structural
O75604,O75604,0.89,0,Structural
Q8N9N5,Q8N9N5,0.89,0,Structural
P17931,P17931,0.88,0,Structural
Q9BYG4,Q9BYG4,0.88,0,Structural
Q9NRR4,Q9NRR4,0.88,0,Structural
Q6P9H4,Q6P9H4,0.88,0,Structural
Q99959,Q99959,0.88,0,Structural
Q15746,Q15746,0.88,0,Structural
Q16270,Q16270,0.88,0,Structural
Q9BWH6,Q9BWH6,0.87,0,Structural
Q86UP0,Q86UP0,0.87,0,Structural
Q8TD84,Q8TD84,0.87,0,Structural
Q96KN7,Q96KN7,0.87,0,Structural
P04196,P04196,0.86,0,Structural
Q9Y5H4,Q9Y5H4,0.86,0,Structural
Q13671,Q13671,0.86,0,Structural
Q5JS13,Q5JS13,0.86,0,Structural
Q92859,Q92859,0.86,0,Structural
O75563,O75563,0.86,0,Structural
O95600,O95600,0.85,0,Structural
Q8TCX5,Q8TCX5,0.85,0,Structural
Q9BUH6,Q9BUH6,0.85,0,Structural
A2RU30,A2RU30,0.85,0,Structural
Q9UNN4,Q9UNN4,0.84,0,Structural
Q9HBG7,Q9HBG7,0.84,0,Structural
Q15398,Q15398,0.84,0,Structural
Q6N022,Q6N022,0.84,0,Structural
O60285,O60285,0.84,0,Structural
Q9BZL6,Q9BZL6,0.84,0,Structural
O15389,O15389,0.84,0,Structural
Q14159,Q14159,0.84,0,Structural
Q96NY8,Q96NY8,0.84,0,Structural
Q9BXU7,Q9BXU7,0.84,0,Structural
O00571,O00571,0.83,0,Structural
Q86UP2,Q86UP2,0.83,0,Structural
Q9NX63,Q9NX63,0.83,0,Structural
Q6VAB6,Q6VAB6,0.83,0,Structural
P11532,P11532,0.83,0,Structural
Q99755,Q99755,0.83,0,Structural
Q9Y5G3,Q9Y5G3,0.83,0,Structural
Q9NR12,Q9NR12,0.83,0,Structural
Q969M2,Q969M2,0.82,0,Structural
Q9BQ83,Q9BQ83,0.82,0,Structural
Q71F23,Q71F23,0.82,0,Structural
Q96EY1,Q96EY1,0.82,0,Structural
O14917,O14917,0.81,0,Structural
Q8WUP2,Q8WUP2,0.81,0,Structural
Q9NSC5,Q9NSC5,0.81,0,Structural
Q8TBB1,Q8TBB1,0.81,0,Structural
Q9BSQ5,Q9BSQ5,0.81,0,Structural
Q5VT25,Q5VT25,0.81,0,Structural
Q9NPJ6,Q9NPJ6,0.81,0,Structural
O75129,O75129,0.81,0,Structural
Q15058,Q15058,0.81,0,Structural
Q6NZY4,Q6NZY4,0.81,0,Structural
O43815,O43815,0.81,0,Structural
Q9Y5F7,Q9Y5F7,0.8,0,Structural
Q5RKV6,Q5RKV6,0.8,0,Structural
Q8TDZ2,Q8TDZ2,0.8,0,Structural
O15213,O15213,0.8,0,Structural
Q9Y5I0,Q9Y5I0,0.8,0,Structural
Q9Y2X7,Q9Y2X7,0.8,0,Structural
O60330,O60330,0.8,0,Structural
Q9BW61,Q9BW61,0.8,0,Structural
Q5BJF6,Q5BJF6,0.79,0,Structural
Q8TF40,Q8TF40,0.79,0,Structural
Q58EX2,Q58EX2,0.79,0,Structural
Q9NZQ3,Q9NZQ3,0.79,0,Structural
Q9Y283,Q9Y283,0.79,0,Structural
Q12797,Q12797,0.79,0,Structural
O43822,O43822,0.79,0,Structural
O95466,O95466,0.78,0,Structural
Q9Y4C0,Q9Y4C0,0.78,0,Structural
Q8NC60,Q8NC60,0.77,0,Structural
Q9UN71,Q9UN71,0.77,0,Structural
Q9Y5G8,Q9Y5G8,0.77,0,Structural
Q7Z7E8,Q7Z7E8,0.77,0,Structural
P52742,P52742,0.76,0,Structural
O75628,O75628,0.76,0,Structural
O00151,O00151,0.76,0,Structural
Q9Y5G5,Q9Y5G5,0.76,0,Structural
O95251,O95251,0.76,0,Structural
Q9Y5H6,Q9Y5H6,0.76,0,Structural
Q9Y5S2,Q9Y5S2,0.76,0,Structural
Q9HD43,Q9HD43,0.75,0,Structural
Q9HCL0,Q9HCL0,0.75,0,Structural
P05067,P05067,0.75,0,Structural
Q14847,Q14847,0.75,0,Structural
Q9Y5F9,Q9Y5F9,0.74,0,Structural
Q9Y5G9,Q9Y5G9,0.74,0,Structural
Q13835,Q13835,0.74,0,Structural
O43623,O43623,0.74,0,Structural
Q9HCE5,Q9HCE5,0.73,0,Structural
Q9Y5F6,Q9Y5F6,0.73,0,Structural
P18433,P18433,0.73,0,Structural
Q9UN70,Q9UN70,0.73,0,Structural
Q9HCN6,Q9HCN6,0.73,0,Structural
Q12913,Q12913,0.73,0,Structural
Q9Y6A9,Q9Y6A9,0.73,0,Structural
O14967,O14967,0.72,0,Structural
P29590,P29590,0.72,0,Structural
Q9NPB6,Q9NPB6,0.72,0,Structural
Q13444,Q13444,0.72,0,Structural
Q8TAQ9,Q8TAQ9,0.71,0,Structural
Q96RD6,Q96RD6,0.71,0,Structural
Q96A59,Q96A59,0.71,0,Structural
Q17RS7,Q17RS7,0.71,0,Structural
A6NED2,A6NED2,0.71,0,Structural
Q9H6B4,Q9H6B4,0.71,0,Structural
Q96A61,Q96A61,0.71,0,Structural
Q9HD67,Q9HD67,0.71,0,Structural
Q17R60,Q17R60,0.71,0,Structural
Q9Y5F8,Q9Y5F8,0.7,0,Structural
Q5SZK8,Q5SZK8,0.7,0,Structural
P57773,P57773,0.7,0,Structural
Q9NSB8,Q9NSB8,0.7,0,Structural
Q5VV43,Q5VV43,0.7,0,Structural
Q9Y5H0,Q9Y5H0,0.7,0,Structural
O00548,O00548,0.7,0,Structural
Q6UVJ0,Q6UVJ0,0.7,0,Structural
Q9H4B6,Q9H4B6,0.7,0,Structural
O43314,O43314,0.7,0,Structural
Q9Y5G0,Q9Y5G0,0.7,0,Structural
Q14126,Q14126,0.69,0,Structural
Q86XR5,Q86XR5,0.69,0,Structural
Q96NY9,Q96NY9,0.69,0,Structural
O94887,O94887,0.69,0,Structural
Q13330,Q13330,0.69,0,Structural
Q16787,Q16787,0.69,0,Structural
Q8IZD9,Q8IZD9,0.68,0,Structural
O75309,O75309,0.68,0,Structural
Q9Y5G7,Q9Y5G7,0.68,0,Structural
P08865,P08865,0.68,0,Structural
Q96HA7,Q96HA7,0.68,0,Structural
Q9BZA8,Q9BZA8,0.68,0,Structural
Q9UN72,Q9UN72,0.68,0,Structural
P36383,P36383,0.67,0,Structural
Q9Y5H2,Q9Y5H2,0.67,0,Structural
Q9UN73,Q9UN73,0.67,0,Structural
Q6UVK1,Q6UVK1,0.66,0,Structural
P48165,P48165,0.66,0,Structural
Q96KG7,Q96KG7,0.66,0,Structural
Q9Y5G6,Q9Y5G6,0.66,0,Structural
Q96LC7,Q96LC7,0.66,0,Structural
Q92508,Q92508,0.66,0,Structural
Q99062,Q99062,0.66,0,Structural
O60469,O60469,0.66,0,Structural
Q9H158,Q9H158,0.65,0,Structural
Q9UN74,Q9UN74,0.65,0,Structural
Q86X27,Q86X27,0.65,0,Structural
Q9Y5H7,Q9Y5H7,0.65,0,Structural
Q495M9,Q495M9,0.65,0,Structural
Q9GZV1,Q9GZV1,0.65,0,Structural
Q92900,Q92900,0.64,0,Structural
Q13620,Q13620,0.64,0,Structural
P35555,P35555,0.64,0,Structural
Q6ISB3,Q6ISB3,0.64,0,Structural
Q8N6Q3,Q8N6Q3,0.64,0,Structural
Q9HCM4,Q9HCM4,0.64,0,Structural
Q8TBY8,Q8TBY8,0.64,0,Structural
Q15018,Q15018,0.63,0,Structural
Q9Y5I4,Q9Y5I4,0.63,0,Structural
Q86SJ6,Q86SJ6,0.63,0,Structural
O95696,O95696,0.63,0,Structural
Q9UMF0,Q9UMF0,0.63,0,Structural
Q2TAL6,Q2TAL6,0.63,0,Structural
Q9BYX2,Q9BYX2,0.63,0,Structural
Q14155,Q14155,0.63,0,Structural
O75161,O75161,0.63,0,Structural
P37840,P37840,0.62,0,Structural
Q9BZZ2,Q9BZZ2,0.62,0,Structural
O60496,O60496,0.62,0,Structural
Q9Y5I1,Q9Y5I1,0.62,0,Structural
Q9HC56,Q9HC56,0.62,0,Structural
Q9Y2D8,Q9Y2D8,0.62,0,Structural
Q9H8V3,Q9H8V3,0.61,0,Structural
Q9Y5G4,Q9Y5G4,0.61,0,Structural
Q9H6T3,Q9H6T3,0.61,0,Structural
Q9Y5H1,Q9Y5H1,0.61,0,Structural
Q13188,Q13188,0.61,0,Structural
P52797,P52797,0.61,0,Structural
Q9BQA5,Q9BQA5,0.61,0,Structural
Q9UGI0,Q9UGI0,0.61,0,Structural
Q9NQX1,Q9NQX1,0.61,0,Structural
Q13546,Q13546,0.6,0,Structural
Q9Y5H3,Q9Y5H3,0.6,0,Structural
Q13477,Q13477,0.6,0,Structural
O00506,O00506,0.6,0,Structural
O14525,O14525,0.6,0,Structural
Q9NRY4,Q9NRY4,0.6,0,Structural
Q9Y5H5,Q9Y5H5,0.6,0,Structural
O75815,O75815,0.6,0,Structural
Q96PY5,Q96PY5,0.6,0,Structural
Q9Y5H8,Q9Y5H8,0.59,0,Structural
Q8NI27,Q8NI27,0.59,0,Structural
Q08174,Q08174,0.59,0,Structural
Q86TN4,Q86TN4,0.59,0,Structural
Q9BZA7,Q9BZA7,0.59,0,Structural
Q96N96,Q96N96,0.59,0,Structural
P43121,P43121,0.58,0,Structural
O14713,O14713,0.58,0,Structural
Q16853,Q16853,0.58,0,Structural
Q9H7D7,Q9H7D7,0.58,0,Structural
Q8NEN9,Q8NEN9,0.58,0,Structural
Q8IXL6,Q8IXL6,0.57,0,Structural
Q16891,Q16891,0.57,0,Structural
Q9NZI8,Q9NZI8,0.57,0,Structural
Q08188,Q08188,0.57,0,Structural
Q9Y6I9,Q9Y6I9,0.57,0,Structural
Q02509,Q02509,0.57,0,Structural
Q9UN75,Q9UN75,0.57,0,Structural
O60264,O60264,0.57,0,Structural
Q8TAB3,Q8TAB3,0.56,0,Structural
P10586,P10586,0.56,0,Structural
Q9Y5G2,Q9Y5G2,0.56,0,Structural
Q13395,Q13395,0.56,0,Structural
O76076,O76076,0.56,0,Structural
Q9Y5I2,Q9Y5I2,0.56,0,Structural
Q86SG6,Q86SG6,0.55,0,Structural
Q6V0I7,Q6V0I7,0.55,0,Structural
Q9HBM0,Q9HBM0,0.55,0,Structural
Q04900,Q04900,0.54,0,Structural
O43699,O43699,0.54,0,Structural
Q6UX06,Q6UX06,0.54,0,Structural
Q9Y5G1,Q9Y5G1,0.54,0,Structural
Q9Y5H9,Q9Y5H9,0.54,0,Structural
Q6UWF3,Q6UWF3,0.54,0,Structural
Q96QU1,Q96QU1,0.53,0,Structural
Q8IUL8,Q8IUL8,0.53,0,Structural
Q9NR80,Q9NR80,0.53,0,Structural
Q13308,Q13308,0.53,0,Structural
Q8N884,Q8N884,0.53,0,Structural
Q8IXH8,Q8IXH8,0.52,0,Structural
Q9Y4D1,Q9Y4D1,0.52,0,Structural
Q9Y5I3,Q9Y5I3,0.52,0,Structural
Q12904,Q12904,0.52,0,Structural
Q8N1I0,Q8N1I0,0.52,0,Structural
Q9UL25,Q9UL25,0.51,0,Structural
Q15262,Q15262,0.51,0,Structural
Q9P021,Q9P021,0.51,0,Structural
Q7Z6G3,Q7Z6G3,0.51,0,Structural
P55283,P55283,0.51,0,Structural
Q02750,Q02750,0.5,0,Structural
Q96FZ2,Q96FZ2,0.5,0,Structural
O00425,O00425,0.5,0,Structural
Q9H0C8,Q9H0C8,0.5,0,Structural
P11277,P11277,0.5,0,Structural
Q14764,Q14764,0.5,0,Structural
P10589,P10589,0.5,0,Structural
Q08554,Q08554,0.49,0,Structural
Q9UEW8,Q9UEW8,0.49,0,Structural
Q9Y2H6,Q9Y2H6,0.49,0,Structural
P0CAP1,P0CAP1,0.49,0,Structural
Q14112,Q14112,0.49,0,Structural
P13688,P13688,0.49,0,Structural
Q7L099,Q7L099,0.49,0,Structural
O00533,O00533,0.49,0,Structural
Q9BTN0,Q9BTN0,0.49,0,Structural
P33151,P33151,0.49,0,Structural
Q96KJ4,Q96KJ4,0.49,0,Structural
Q9Y6K9,Q9Y6K9,0.48,0,Structural
P49768,P49768,0.47,0,Structural
O14672,O14672,0.47,0,Structural
A1A4S6,A1A4S6,0.47,0,Structural
Q66GS9,Q66GS9,0.47,0,Structural
Q9H4L5,Q9H4L5,0.46,0,Structural
Q15043,Q15043,0.46,0,Structural
Q14185,Q14185,0.46,0,Structural
Q13634,Q13634,0.46,0,Structural
P98153,P98153,0.46,0,Structural
P07949,P07949,0.46,0,Structural
P0C091,P0C091,0.46,0,Structural
P53667,P53667,0.45,0,Structural
Q86YM7,Q86YM7,0.45,0,Structural
Q9UGI8,Q9UGI8,0.45,0,Structural
Q8IZE3,Q8IZE3,0.45,0,Structural
O00422,O00422,0.45,0,Structural
Q5VYK3,Q5VYK3,0.45,0,Structural
Q9NYZ4,Q9NYZ4,0.45,0,Structural
P26038,P26038,0.44,0,Structural
Q9NQZ6,Q9NQZ6,0.44,0,Structural
Q96B33,Q96B33,0.44,0,Structural
Q9Y639,Q9Y639,0.44,0,Structural
O14986,O14986,0.44,0,Structural
O75096,O75096,0.44,0,Structural
Q9UKV5,Q9UKV5,0.44,0,Structural
Q6FI81,Q6FI81,0.44,0,Structural
Q9UKL4,Q9UKL4,0.43,0,Structural
Q92729,Q92729,0.43,0,Structural
Q8N3R9,Q8N3R9,0.43,0,Structural
Q6UXZ4,Q6UXZ4,0.43,0,Structural
Q9H1K1,Q9H1K1,0.43,0,Structural
Q8IZU9,Q8IZU9,0.43,0,Structural
P54578,P54578,0.43,0,Structural
Q6V1P9,Q6V1P9,0.43,0,Structural
P15848,P15848,0.42,0,Structural
Q8IXA5,Q8IXA5,0.42,0,Structural
Q9H9A7,Q9H9A7,0.42,0,Structural
P52798,P52798,0.42,0,Structural
Q9NSI5,Q9NSI5,0.42,0,Structural
Q8IXJ6,Q8IXJ6,0.42,0,Structural
P48730,P48730,0.42,0,Structural
O15530,O15530,0.41,0,Structural
O60711,O60711,0.41,0,Structural
P07947,P07947,0.41,0,Structural
P07333,P07333,0.41,0,Structural
A6NI79,A6NI79,0.41,0,Structural
O95361,O95361,0.41,0,Structural
Q6NW40,Q6NW40,0.41,0,Structural
Q8NBH2,Q8NBH2,0.41,0,Structural
Q9BSW2,Q9BSW2,0.4,0,Structural
Q9UH03,Q9UH03,0.4,0,Structural
Q03518,Q03518,0.4,0,Structural
O75339,O75339,0.4,0,Structural
Q66K66,Q66K66,0.4,0,Structural
Q9BYG5,Q9BYG5,0.4,0,Structural
Q96RW7,Q96RW7,0.4,0,Structural
Q9ULL4,Q9ULL4,0.4,0,Structural
O14936,O14936,0.4,0,Structural
Q96C45,Q96C45,0.4,0,Structural
Q15139,Q15139,0.4,0,Structural
Q8N6Y1,Q8N6Y1,0.4,0,Structural
Q86TL2,Q86TL2,0.39,0,Structural
O43741,O43741,0.39,0,Structural
Q96PL5,Q96PL5,0.39,0,Structural
Q9BZR6,Q9BZR6,0.39,0,Structural
O94973,O94973,0.39,0,Structural
Q9BUD6,Q9BUD6,0.39,0,Structural
P78509,P78509,0.39,0,Structural
Q9BY76,Q9BY76,0.38,0,Structural
Q96BJ8,Q96BJ8,0.38,0,Structural
Q86T65,Q86T65,0.38,0,Structural
Q9P287,Q9P287,0.38,0,Structural
Q9HCG7,Q9HCG7,0.38,0,Structural
Q9Y653,Q9Y653,0.38,0,Structural
Q5T2T1,Q5T2T1,0.38,0,Structural
Q5T4B2,Q5T4B2,0.38,0,Structural
Q6PCB8,Q6PCB8,0.38,0,Structural
P78380,P78380,0.38,0,Structural
Q6ZTQ4,Q6ZTQ4,0.38,0,Structural
Q6SZW1,Q6SZW1,0.38,0,Structural
Q9BXL6,Q9BXL6,0.37,0,Structural
P52298,P52298,0.37,0,Structural
Q5VXT5,Q5VXT5,0.37,0,Structural
Q9UIJ5,Q9UIJ5,0.37,0,Structural
Q7LDG7,Q7LDG7,0.36,0,Structural
Q9H6X2,Q9H6X2,0.36,0,Structural
Q7Z569,Q7Z569,0.36,0,Structural
P35443,P35443,0.36,0,Structural
P54753,P54753,0.36,0,Structural
P51956,P51956,0.36,0,Structural
Q6UWZ7,Q6UWZ7,0.36,0,Structural
Q9Y5E3,Q9Y5E3,0.36,0,Structural
Q92823,Q92823,0.36,0,Structural
P28827,P28827,0.35,0,Structural
Q9UDY8,Q9UDY8,0.35,0,Structural
Q96NI6,Q96NI6,0.35,0,Structural
O15146,O15146,0.35,0,Structural
Q13045,Q13045,0.35,0,Structural
Q15124,Q15124,0.35,0,Structural
P57087,P57087,0.35,0,Structural
P32121,P32121,0.35,0,Structural
Q00G26,Q00G26,0.35,0,Structural
Q6UXV4,Q6UXV4,0.35,0,Structural
Q6PIF6,Q6PIF6,0.35,0,Structural
Q9P2W7,Q9P2W7,0.35,0,Structural
Q9ULB4,Q9ULB4,0.35,0,Structural
Q9H5V8,Q9H5V8,0.35,0,Structural
P51813,P51813,0.35,0,Structural
Q7L0Q8,Q7L0Q8,0.35,0,Structural
Q96MC2,Q96MC2,0.35,0,Structural
Q9NQT4,Q9NQT4,0.34,0,Structural
P54760,P54760,0.34,0,Structural
Q96L46,Q96L46,0.34,0,Structural
P42574,P42574,0.34,0,Structural
P78310,P78310,0.34,0,Structural
Q9NZU0,Q9NZU0,0.34,0,Structural
Q9Y5E4,Q9Y5E4,0.34,0,Structural
O15392,O15392,0.34,0,Structural
Q92982,Q92982,0.34,0,Structural
Q9UL63,Q9UL63,0.34,0,Structural
O43543,O43543,0.34,0,Structural
Q9NQT5,Q9NQT5,0.33,0,Structural
O14522,O14522,0.33,0,Structural
P06729,P06729,0.33,0,Structural
P26045,P26045,0.33,0,Structural
Q9UBU9,Q9UBU9,0.33,0,Structural
Q9Y336,Q9Y336,0.33,0,Structural
Q5DX21,Q5DX21,0.33,0,Structural
Q13291,Q13291,0.33,0,Structural
Q9HCB6,Q9HCB6,0.32,0,Structural
Q8WWW0,Q8WWW0,0.32,0,Structural
Q02487,Q02487,0.32,0,Structural
Q9UMQ6,Q9UMQ6,0.32,0,Structural
P49407,P49407,0.32,0,Structural
P47756,P47756,0.32,0,Structural
P11142,P11142,0.32,0,Structural
O00391,O00391,0.32,0,Structural
Q9Y478,Q9Y478,0.32,0,Structural
P04632,P04632,0.32,0,Structural
O75326,O75326,0.32,0,Structural
O60832,O60832,0.32,0,Structural
Q8N3J6,Q8N3J6,0.31,0,Structural
B7Z8K6,B7Z8K6,0.31,0,Structural
P53367,P53367,0.31,0,Structural
O14939,O14939,0.31,0,Structural
Q13421,Q13421,0.31,0,Structural
Q9UQC9,Q9UQC9,0.31,0,Structural
Q07021,Q07021,0.31,0,Structural
O95633,O95633,0.31,0,Structural
Q99972,Q99972,0.31,0,Structural
Q5T2W1,Q5T2W1,0.31,0,Structural
O95782,O95782,0.31,0,Structural
O75618,O75618,0.31,0,Structural
Q92673,Q92673,0.31,0,Structural
Q9HCE1,Q9HCE1,0.31,0,Structural
P08253,P08253,0.3,0,Structural
Q9Y5F3,Q9Y5F3,0.3,0,Structural
P08603,P08603,0.3,0,Structural
Q8N126,Q8N126,0.3,0,Structural
Q14773,Q14773,0.3,0,Structural
P31997,P31997,0.3,0,Structural
Q9P0M2,Q9P0M2,0.3,0,Structural
Q13619,Q13619,0.3,0,Structural
Q9UHF1,Q9UHF1,0.3,0,Structural
P02730,P02730,0.3,0,Structural
Q8IVF7,Q8IVF7,0.3,0,Structural
P31751,P31751,0.3,0,Structural
Q9Y5E8,Q9Y5E8,0.29,0,Structural
Q92752,Q92752,0.29,0,Structural
Q5T9C9,Q5T9C9,0.29,0,Structural
P32942,P32942,0.29,0,Structural
Q8IYV9,Q8IYV9,0.29,0,Structural
Q53RD9,Q53RD9,0.29,0,Structural
P26010,P26010,0.29,0,Structural
A8MT69,A8MT69,0.29,0,Structural
A6NMB1,A6NMB1,0.29,0,Structural
Q9P0K1,Q9P0K1,0.29,0,Structural
Q8IWF6,Q8IWF6,0.29,0,Structural
Q9Y5E6,Q9Y5E6,0.29,0,Structural
Q9Y5E5,Q9Y5E5,0.29,0,Structural
O95278,O95278,0.29,0,Structural
Q9Y5E2,Q9Y5E2,0.29,0,Structural
Q11130,Q11130,0.28,0,Structural
Q14289,Q14289,0.28,0,Structural
Q99828,Q99828,0.28,0,Structural
Q96FE5,Q96FE5,0.28,0,Structural
Q9UJW2,Q9UJW2,0.28,0,Structural
Q8NBW4,Q8NBW4,0.28,0,Structural
Q92896,Q92896,0.28,0,Structural
Q13895,Q13895,0.28,0,Structural
Q9HC96,Q9HC96,0.28,0,Structural
Q96Q27,Q96Q27,0.28,0,Structural
P40305,P40305,0.28,0,Structural
Q9HCX3,Q9HCX3,0.28,0,Structural
Q7Z3J2,Q7Z3J2,0.28,0,Structural
P58215,P58215,0.28,0,Structural
Q96JJ3,Q96JJ3,0.28,0,Structural
Q9Y4K0,Q9Y4K0,0.27,0,Structural
Q92608,Q92608,0.27,0,Structural
Q08ET2,Q08ET2,0.27,0,Structural
Q92930,Q92930,0.27,0,Structural
Q9NRJ7,Q9NRJ7,0.27,0,Structural
Q9Y5E1,Q9Y5E1,0.27,0,Structural
Q9NP84,Q9NP84,0.27,0,Structural
Q6UWV2,Q6UWV2,0.27,0,Structural
P56470,P56470,0.27,0,Structural
Q9UHX3,Q9UHX3,0.27,0,Structural
P29965,P29965,0.27,0,Structural
O43155,O43155,0.27,0,Structural
P23381,P23381,0.27,0,Structural
P16444,P16444,0.27,0,Structural
P48960,P48960,0.27,0,Structural
O14910,O14910,0.26,0,Structural
Q9Y5F1,Q9Y5F1,0.26,0,Structural
Q9HBA0,Q9HBA0,0.26,0,Structural
Q9NRN5,Q9NRN5,0.26,0,Structural
Q9HBW1,Q9HBW1,0.26,0,Structural
O95789,O95789,0.26,0,Structural
Q8NEG5,Q8NEG5,0.26,0,Structural
Q9Y5F2,Q9Y5F2,0.26,0,Structural
Q9NZN3,Q9NZN3,0.26,0,Structural
Q96JP9,Q96JP9,0.26,0,Structural
Q12860,Q12860,0.26,0,Structural
P61586,P61586,0.26,0,Structural
P05129,P05129,0.26,0,Structural
O95994,O95994,0.26,0,Structural
Q9UN66,Q9UN66,0.26,0,Structural
O75955,O75955,0.26,0,Structural
Q6PKX4,Q6PKX4,0.25,0,Structural
P06731,P06731,0.25,0,Structural
Q9C0K1,Q9C0K1,0.25,0,Structural
Q9HCN4,Q9HCN4,0.25,0,Structural
Q06265,Q06265,0.25,0,Structural
P56880,P56880,0.25,0,Structural
Q8WUM4,Q8WUM4,0.25,0,Structural
P05026,P05026,0.25,0,Structural
Q96PQ1,Q96PQ1,0.25,0,Structural
P28676,P28676,0.25,0,Structural
P08631,P08631,0.25,0,Structural
Q86UX7,Q86UX7,0.25,0,Structural
Q8NFK1,Q8NFK1,0.25,0,Structural
Q96GC9,Q96GC9,0.25,0,Structural
Q8IWL3,Q8IWL3,0.25,0,Structural
O75934,O75934,0.25,0,Structural
O15041,O15041,0.25,0,Structural
P01732,P01732,0.25,0,Structural
Q9UGM1,Q9UGM1,0.25,0,Structural
O95163,O95163,0.25,0,Structural
Q6ZWE6,Q6ZWE6,0.25,0,Structural
O43293,O43293,0.25,0,Structural
Q02156,Q02156,0.25,0,Structural
P45984,P45984,0.25,0,Structural
Q96TA0,Q96TA0,0.25,0,Structural
P48745,P48745,0.25,0,Structural
Q15650,Q15650,0.24,0,Structural
P03986,P03986,0.24,0,Structural
Q15389,Q15389,0.24,0,Structural
Q5TGZ0,Q5TGZ0,0.24,0,Structural
Q14139,Q14139,0.24,0,Structural
P51955,P51955,0.24,0,Structural
O00144,O00144,0.24,0,Structural
P29074,P29074,0.24,0,Structural
P78539,P78539,0.24,0,Structural
Q6PI78,Q6PI78,0.24,0,Structural
Q96DU3,Q96DU3,0.24,0,Structural
P04075,P04075,0.24,0,Structural
Q12805,Q12805,0.24,0,Structural
Q14574,Q14574,0.24,0,Structural
Q9UBT7,Q9UBT7,0.24,0,Structural
P06702,P06702,0.24,0,Structural
P50461,P50461,0.23,0,Structural
Q5GAN6,Q5GAN6,0.23,0,Structural
Q7RTW8,Q7RTW8,0.23,0,Structural
P14151,P14151,0.23,0,Structural
Q8NE79,Q8NE79,0.23,0,Structural
P40199,P40199,0.23,0,Structural
P62820,P62820,0.23,0,Structural
Q13275,Q13275,0.23,0,Structural
Q9Y286,Q9Y286,0.23,0,Structural
A0A0B4J1U4,A0A0B4J1U4,0.23,0,Structural
P24723,P24723,0.23,0,Structural
P21741,P21741,0.22,0,Structural
Q9UBL9,Q9UBL9,0.22,0,Structural
P07992,P07992,0.22,0,Structural
A1A4Y4,A1A4Y4,0.22,0,Structural
Q9BQL6,Q9BQL6,0.22,0,Structural
Q9NYT0,Q9NYT0,0.22,0,Structural
P55085,P55085,0.22,0,Structural
P20916,P20916,0.22,0,Structural
O00522,O00522,0.22,0,Structural
Q9NZQ0,Q9NZQ0,0.22,0,Structural
Q14246,Q14246,0.22,0,Structural
O43854,O43854,0.22,0,Structural
Q9NPI5,Q9NPI5,0.22,0,Structural
Q9Y5E7,Q9Y5E7,0.21,0,Structural
P22303,P22303,0.21,0,Structural
O95377,O95377,0.21,0,Structural
Q8WYK1,Q8WYK1,0.21,0,Structural
Q7Z614,Q7Z614,0.21,0,Structural
Q96FZ7,Q96FZ7,0.21,0,Structural
O14495,O14495,0.21,0,Structural
P08134,P08134,0.21,0,Structural
O43586,O43586,0.21,0,Structural
Q13591,Q13591,0.21,0,Structural
O60687,O60687,0.21,0,Structural
P23528,P23528,0.21,0,Structural
Q9NXF8,Q9NXF8,0.21,0,Structural
Q9Y251,Q9Y251,0.21,0,Structural
Q9Y5F0,Q9Y5F0,0.21,0,Structural
P60484,P60484,0.2,0,Structural
Q9Y6U3,Q9Y6U3,0.2,0,Structural
Q8N9N2,Q8N9N2,0.2,0,Structural
Q9UN67,Q9UN67,0.2,0,Structural
O75712,O75712,0.2,0,Structural
Q9NQ25,Q9NQ25,0.2,0,Structural
Q8IZF4,Q8IZF4,0.2,0,Structural
P02549,P02549,0.2,0,Structural
Q9Y5E9,Q9Y5E9,0.2,0,Structural
Q3V5L5,Q3V5L5,0.2,0,Structural
Q8TDM5,Q8TDM5,0.2,0,Structural
P14923,P14923,0.2,0,Structural
P51636,P51636,0.2,0,Structural
P49354,P49354,0.2,0,Structural
P23515,P23515,0.2,0,Structural
P16591,P16591,0.19,0,Structural
P25189,P25189,0.19,0,Structural
Q13018,Q13018,0.19,0,Structural
P38570,P38570,0.19,0,Structural
O95398,O95398,0.19,0,Structural
Q9H2C0,Q9H2C0,0.19,0,Structural
P0CF51,P0CF51,0.19,0,Structural
P16581,P16581,0.19,0,Structural
Q9UBX5,Q9UBX5,0.19,0,Structural
O95393,O95393,0.19,0,Structural
Q6UXZ0,Q6UXZ0,0.19,0,Structural
Q9Y5C1,Q9Y5C1,0.19,0,Structural
P09769,P09769,0.19,0,Structural
P10966,P10966,0.19,0,Structural
Q14164,Q14164,0.19,0,Structural
P29279,P29279,0.19,0,Structural
P61077,P61077,0.18,0,Structural
Q13740,Q13740,0.18,0,Structural
P20774,P20774,0.18,0,Structural
Q14168,Q14168,0.18,0,Structural
Q6TGC4,Q6TGC4,0.18,0,Structural
Q6ZU15,Q6ZU15,0.18,0,Structural
Q96P15,Q96P15,0.18,0,Structural
Q8N2Z9,Q8N2Z9,0.18,0,Structural
P51153,P51153,0.18,0,Structural
Q9UI47,Q9UI47,0.18,0,Structural
O00622,O00622,0.18,0,Structural
A6H8M9,A6H8M9,0.18,0,Structural
P50452,P50452,0.18,0,Structural
P52907,P52907,0.18,0,Structural
Q03113,Q03113,0.17,0,Structural
P55290,P55290,0.17,0,Structural
Q9NZU1,Q9NZU1,0.17,0,Structural
O15264,O15264,0.17,0,Structural
Q15762,Q15762,0.17,0,Structural
Q5VZF2,Q5VZF2,0.17,0,Structural
Q99969,Q99969,0.17,0,Structural
P61006,P61006,0.17,0,Structural
Q8TEW6,Q8TEW6,0.17,0,Structural
Q9BQ24,Q9BQ24,0.17,0,Structural
P57739,P57739,0.17,0,Structural
Q13976,Q13976,0.17,0,Structural
Q9P1W8,Q9P1W8,0.17,0,Structural
Q13163,Q13163,0.17,0,Structural
O95498,O95498,0.17,0,Structural
P56545,P56545,0.17,0,Structural
P01040,P01040,0.17,0,Structural
Q16653,Q16653,0.17,0,Structural
P57735,P57735,0.17,0,Structural
Q9Y3B2,Q9Y3B2,0.17,0,Structural
Q03519,Q03519,0.17,0,Structural
Q02763,Q02763,0.17,0,Structural
Q9ULZ3,Q9ULZ3,0.16,0,Structural
Q8IXS2,Q8IXS2,0.16,0,Structural
Q99603,Q99603,0.16,0,Structural
P00738,P00738,0.16,0,Structural
Q96FX8,Q96FX8,0.16,0,Structural
Q8IUQ4,Q8IUQ4,0.16,0,Structural
Q15375,Q15375,0.16,0,Structural
A6ND01,A6ND01,0.16,0,Structural
A0A0C4DH27,A0A0C4DH27,0.16,0,Structural
Q96FJ2,Q96FJ2,0.16,0,Structural
Q9H313,Q9H313,0.16,0,Structural
P54764,P54764,0.16,0,Structural
Q9NUQ9,Q9NUQ9,0.16,0,Structural
Q6UXN8,Q6UXN8,0.16,0,Structural
Q9UNG2,Q9UNG2,0.16,0,Structural
P23142,P23142,0.15,0,Structural
Q08380,Q08380,0.15,0,Structural
O75596,O75596,0.15,0,Structural
Q14254,Q14254,0.15,0,Structural
Q8NFZ8,Q8NFZ8,0.15,0,Structural
P35858,P35858,0.15,0,Structural
P10114,P10114,0.15,0,Structural
Q14393,Q14393,0.15,0,Structural
P53384,P53384,0.15,0,Structural
P61106,P61106,0.15,0,Structural
Q9NZG7,Q9NZG7,0.15,0,Structural
Q8N371,Q8N371,0.15,0,Structural
P51857,P51857,0.15,0,Structural
O15205,O15205,0.15,0,Structural
A0A1B0GX56,A0A1B0GX56,0.15,0,Structural
P30154,P30154,0.15,0,Structural
P56746,P56746,0.15,0,Structural
Q96RD7,Q96RD7,0.15,0,Structural
Q7Z3B1,Q7Z3B1,0.15,0,Structural
P03979,P03979,0.15,0,Structural
P82279,P82279,0.15,0,Structural
Q9UMS0,Q9UMS0,0.15,0,Structural
Q00535,Q00535,0.15,0,Structural
P29320,P29320,0.15,0,Structural
P51164,P51164,0.15,0,Structural
A8MVW5,A8MVW5,0.15,0,Structural
Q86W42,Q86W42,0.15,0,Structural
P62826,P62826,0.15,0,Structural
O15537,O15537,0.14,0,Structural
Q15771,Q15771,0.14,0,Structural
Q09328,Q09328,0.14,0,Structural
Q8IYM1,Q8IYM1,0.14,0,Structural
A0A0C4DH28,A0A0C4DH28,0.14,0,Structural
Q96B26,Q96B26,0.14,0,Structural
P04053,P04053,0.14,0,Structural
Q93034,Q93034,0.14,0,Structural
Q9BQJ4,Q9BQJ4,0.14,0,Structural
P30301,P30301,0.14,0,Structural
Q9BTW9,Q9BTW9,0.14,0,Structural
P55344,P55344,0.14,0,Structural
Q9H2J4,Q9H2J4,0.14,0,Structural
O00212,O00212,0.14,0,Structural
P56747,P56747,0.14,0,Structural
P61326,P61326,0.14,0,Structural
Q9NTQ9,Q9NTQ9,0.14,0,Structural
Q96QZ0,Q96QZ0,0.14,0,Structural
Q9P121,Q9P121,0.14,0,Structural
P13598,P13598,0.14,0,Structural
P61225,P61225,0.14,0,Structural
O75951,O75951,0.13,0,Structural
Q9BRX9,Q9BRX9,0.13,0,Structural
P05121,P05121,0.13,0,Structural
P14415,P14415,0.13,0,Structural
O75083,O75083,0.13,0,Structural
Q9Y3I0,Q9Y3I0,0.13,0,Structural
Q15631,Q15631,0.13,0,Structural
Q02742,Q02742,0.13,0,Structural
A6NDV4,A6NDV4,0.13,0,Structural
Q8N6M3,Q8N6M3,0.13,0,Structural
Q9Y3L5,Q9Y3L5,0.13,0,Structural
Q15582,Q15582,0.13,0,Structural
O95452,O95452,0.13,0,Structural
Q92839,Q92839,0.13,0,Structural
Q15063,Q15063,0.13,0,Structural
P49773,P49773,0.13,0,Structural
P42338,P42338,0.13,0,Structural
P78369,P78369,0.13,0,Structural
P53007,P53007,0.13,0,Structural
Q9P104,Q9P104,0.13,0,Structural
A0JD36,A0JD36,0.13,0,Structural
P25106,P25106,0.13,0,Structural
Q99965,Q99965,0.13,0,Structural
Q96F07,Q96F07,0.13,0,Structural
Q86TW2,Q86TW2,0.13,0,Structural
Q6PEY0,Q6PEY0,0.13,0,Structural
P56750,P56750,0.13,0,Structural
O43504,O43504,0.13,0,Structural
Q08722,Q08722,0.12,0,Structural
Q13939,Q13939,0.12,0,Structural
A8MXK1,A8MXK1,0.12,0,Structural
Q9H0Q0,Q9H0Q0,0.12,0,Structural
Q07507,Q07507,0.12,0,Structural
Q9Y231,Q9Y231,0.12,0,Structural
Q9Y6Q1,Q9Y6Q1,0.12,0,Structural
A2VDF0,A2VDF0,0.12,0,Structural
Q07699,Q07699,0.12,0,Structural
P09917,P09917,0.12,0,Structural
P05109,P05109,0.12,0,Structural
A0JD37,A0JD37,0.12,0,Structural
Q7Z7J7,Q7Z7J7,0.12,0,Structural
Q9Y5Y2,Q9Y5Y2,0.12,0,Structural
Q9UH77,Q9UH77,0.12,0,Structural
P30153,P30153,0.12,0,Structural
Q92819,Q92819,0.12,0,Structural
P55083,P55083,0.12,0,Structural
P58418,P58418,0.12,0,Structural
Q9NR31,Q9NR31,0.12,0,Structural
Q8IYX1,Q8IYX1,0.12,0,Structural
Q9NYG2,Q9NYG2,0.12,0,Structural
O00219,O00219,0.12,0,Structural
Q13838,Q13838,0.11,0,Structural
P62745,P62745,0.11,0,Structural
A0A075B6R0,A0A075B6R0,0.11,0,Structural
Q13702,Q13702,0.11,0,Structural
Q9Y223,Q9Y223,0.11,0,Structural
Q8N7P3,Q8N7P3,0.11,0,Structural
P38567,P38567,0.11,0,Structural
H7C241,H7C241,0.11,0,Structural
Q92187,Q92187,0.11,0,Structural
O75508,O75508,0.11,0,Structural
P80511,P80511,0.11,0,Structural
P63167,P63167,0.11,0,Structural
Q8IX05,Q8IX05,0.11,0,Structural
O60487,O60487,0.11,0,Structural
Q9UKK6,Q9UKK6,0.11,0,Structural
Q6UQ28,Q6UQ28,0.11,0,Structural
P56749,P56749,0.1,0,Structural
P36404,P36404,0.1,0,Structural
P48061,P48061,0.1,0,Structural
A6NM45,A6NM45,0.1,0,Structural
A6NN92,A6NN92,0.1,0,Structural
P54851,P54851,0.1,0,Structural
P29033,P29033,0.09,0,Structural
P53680,P53680,0.09,0,Structural
A0A075B706,A0A075B706,0.06,0,Structural
A0A075B6S0,A0A075B6S0,0.06,0,Structural
